{"cameraMode":{"drawMode":0,"name":"Shaded","section":"Shading Mode"},"sceneLighting":true,"audioPlay":false,"sceneViewState":{"showFog":true,"showMaterialUpdate":false,"showSkybox":true,"showFlares":true,"showImageEffects":true,"showParticleSystems":true,"showVisualEffectGraphs":true,"m_FxEnabled":true},"in2DMode":false,"pivot":{"x":-1.0630425214767457,"y":2.6065757274627687,"z":6.303435325622559},"rotation":{"x":0.02938324771821499,"y":-0.02698497101664543,"z":0.0007936111651360989,"w":0.9992036819458008},"size":1.8440349102020264,"orthographic":false}