{"cameraMode":{"drawMode":0,"name":"Shaded","section":"Shading Mode"},"sceneLighting":true,"audioPlay":false,"sceneViewState":{"showFog":true,"showMaterialUpdate":false,"showSkybox":true,"showFlares":true,"showImageEffects":true,"showParticleSystems":true,"showVisualEffectGraphs":true,"m_FxEnabled":true},"in2DMode":false,"pivot":{"x":-0.4521613121032715,"y":1.141819715499878,"z":5.513620853424072},"rotation":{"x":0.22157521545886994,"y":-0.48744121193885805,"z":0.12940898537635804,"w":0.8346012830734253},"size":2.4785821437835695,"orthographic":false}