{"cameraMode":{"drawMode":0,"name":"Shaded","section":"Shading Mode"},"sceneLighting":false,"audioPlay":false,"sceneViewState":{"showFog":true,"showMaterialUpdate":false,"showSkybox":false,"showFlares":true,"showImageEffects":true,"showParticleSystems":true},"in2DMode":false,"pivot":{"x":-0.00012683868408203125,"y":0.042597174644470218,"z":-0.00009250640869140625},"rotation":{"x":0.11948917806148529,"y":-0.6629046201705933,"z":0.1083398386836052,"w":0.7311240434646606},"size":9.214620590209961,"orthographic":true}