{"cameraMode":{"drawMode":0,"name":"Shaded","section":"Shading Mode"},"sceneLighting":true,"audioPlay":false,"sceneViewState":{"showFog":true,"showMaterialUpdate":false,"showSkybox":true,"showFlares":true,"showImageEffects":true,"showParticleSystems":true,"showVisualEffectGraphs":true,"m_FxEnabled":true},"in2DMode":false,"pivot":{"x":-0.436542272567749,"y":2.7532918453216554,"z":1.1110202074050904},"rotation":{"x":0.26506075263023379,"y":-0.40173307061195376,"z":0.12268715351819992,"w":0.8679297566413879},"size":0.3508930802345276,"orthographic":false}